{"Estrategia 0": {"Costos jornada": {"Simulaci\u00f3n 1": 146.50596414089998}, "Costos muertos": {"Simulaci\u00f3n 1": {"H_1": 0.0, "H_2": 0.0, "H_3": 0.0}}, "Costos derivaciones": {"Simulaci\u00f3n 1": {"H_1": 0.0, "H_2": 0.0, "H_3": 0.0, "WL": 0.0}}, "Costos espera WL": {"Simulaci\u00f3n 1": 146.50596414089998}, "Costos traslados": {"Simulaci\u00f3n 1": {"H_1": 0.0, "H_2": 0.0, "H_3": 0.0}}, "Derivaciones": {"Simulaci\u00f3n 1": {"H_1": {"1": 0.0, "2": 0.0, "3": 0.0, "4": 0.0, "5": 0.0, "6": 0.0, "7": 0.0, "8": 0.0}, "H_2": {"1": 0.0, "2": 0.0, "3": 0.0, "4": 0.0, "5": 0.0, "6": 0.0, "7": 0.0, "8": 0.0}, "H_3": {"1": 0.0, "2": 0.0, "3": 0.0, "4": 0.0, "5": 0.0, "6": 0.0, "7": 0.0, "8": 0.0}, "WL": {"1": 0.0, "2": 0.0, "3": 0.0, "4": 0.0, "5": 0.0, "6": 0.0, "7": 0.0, "8": 0.0}}}, "Espera WL": {"Simulaci\u00f3n 1": 0.0}, "Pacientes esperando": {"Simulaci\u00f3n 1": {"H_1": {"ICU": 0.0, "SDU_WARD": 0.0, "OR": 0.0, "GA": 0.0}, "H_2": {"ICU": 0.0, "SDU_WARD": 0.0, "OR": 0.0, "GA": 0.0}, "H_3": {"ICU": 0.0, "SDU_WARD": 0.0, "OR": 0.0, "GA": 0.0}}}, "Tasas ocupaci\u00f3n": {"Simulaci\u00f3n 1": {"H_1": {"1": {"ICU": 5.0, "SDU_WARD": 4.4897959183673475, "OR": 0.0}, "2": {"ICU": 4.0, "SDU_WARD": 1.2244897959183674, "OR": 0.0}, "3": {"ICU": 4.0, "SDU_WARD": 1.6326530612244898, "OR": 0.0}, "4": {"ICU": 0.0, "SDU_WARD": 1.2244897959183674, "OR": 0.0}, "5": {"ICU": 5.0, "SDU_WARD": 5.3061224489795915, "OR": 11.11111111111111}, "6": {"ICU": 16.0, "SDU_WARD": 0.40816326530612246, "OR": 16.666666666666664}, "7": {"ICU": 0.0, "SDU_WARD": 3.877551020408163, "OR": 5.555555555555555}, "8": {"ICU": 2.0, "SDU_WARD": 0.40816326530612246, "OR": 5.555555555555555}}, "H_2": {"1": {"ICU": 1.6666666666666667, "SDU_WARD": 1.4814814814814816, "OR": 10.0}, "2": {"ICU": 0.0, "SDU_WARD": 5.555555555555555, "OR": 0.0}, "3": {"ICU": 8.333333333333334, "SDU_WARD": 1.4814814814814816, "OR": 0.0}, "4": {"ICU": 0.0, "SDU_WARD": 2.5925925925925926, "OR": 0.0}, "5": {"ICU": 0.0, "SDU_WARD": 0.0, "OR": 0.0}, "6": {"ICU": 0.0, "SDU_WARD": 0.0, "OR": 0.0}, "7": {"ICU": 0.0, "SDU_WARD": 0.0, "OR": 0.0}, "8": {"ICU": 0.0, "SDU_WARD": 0.0, "OR": 0.0}}, "H_3": {"1": {"ICU": 0.0, "SDU_WARD": 5.789473684210526, "OR": 0.0}, "2": {"ICU": 0.0, "SDU_WARD": 0.0, "OR": 0.0}, "3": {"ICU": 9.375, "SDU_WARD": 4.7368421052631575, "OR": 0.0}, "4": {"ICU": 9.375, "SDU_WARD": 1.5789473684210527, "OR": 0.0}, "5": {"ICU": 0.0, "SDU_WARD": 0.0, "OR": 0.0}, "6": {"ICU": 0.0, "SDU_WARD": 0.0, "OR": 0.0}, "7": {"ICU": 0.0, "SDU_WARD": 0.0, "OR": 0.0}, "8": {"ICU": 0.0, "SDU_WARD": 0.0, "OR": 0.0}}}}}}