{"Simulaci\u00f3n 1": {"Costos jornada": 38248.25410308076, "Costos muertos": {"H_1": 331.9161676733079, "H_2": 344.573762681189, "H_3": 425.5229792531989}, "Costos derivaciones": {"H_1": 2127.6145559845945, "H_2": 1195.5403966141653, "H_3": 573.4943863816294, "WL": 2064.9304313800826}, "Costos espera WL": 31174.101212153106, "Costos traslados": {"H_1": 3.5478657586604925, "H_2": 3.5025967784463807, "H_3": 3.5097484223879127}, "Derivaciones": {"H_1": {"1": 0.61, "2": 0.37, "3": 0.4, "4": 0.24, "5": 0.0, "6": 0.0, "7": 0.0, "8": 0.0}, "H_2": {"1": 0.14, "2": 0.34, "3": 0.29, "4": 0.16, "5": 0.0, "6": 0.0, "7": 0.0, "8": 0.0}, "H_3": {"1": 0.12, "2": 0.05, "3": 0.25, "4": 0.15, "5": 0.0, "6": 0.0, "7": 0.0, "8": 0.0}, "WL": {"1": 0.0, "2": 0.0, "3": 0.0, "4": 0.0, "5": 1.26, "6": 0.76, "7": 0.66, "8": 0.29}}, "Espera WL": 0.0, "Pacientes esperando": {"H_1": {"ICU": 0.16, "SDU_WARD": 0.08, "OR": 0.03, "GA": 2.88}, "H_2": {"ICU": 0.41, "SDU_WARD": 0.1, "OR": 0.11, "GA": 4.55}, "H_3": {"ICU": 0.21, "SDU_WARD": 0.17, "OR": 0.17, "GA": 6.07}}, "Tasas ocupaci\u00f3n": {"H_1": {"1": {"ICU": 7.179999999999992, "SDU_WARD": 14.191836734693876, "OR": 3.5555555555555562}, "2": {"ICU": 11.179999999999989, "SDU_WARD": 12.848979591836738, "OR": 3.222222222222223}, "3": {"ICU": 5.919999999999998, "SDU_WARD": 5.632653061224488, "OR": 9.111111111111105}, "4": {"ICU": 5.219999999999998, "SDU_WARD": 6.7469387755102, "OR": 2.333333333333334}, "5": {"ICU": 13.759999999999993, "SDU_WARD": 14.714285714285715, "OR": 21.444444444444425}, "6": {"ICU": 18.339999999999996, "SDU_WARD": 7.673469387755097, "OR": 18.999999999999968}, "7": {"ICU": 22.25999999999999, "SDU_WARD": 21.14285714285715, "OR": 18.999999999999975}, "8": {"ICU": 8.199999999999998, "SDU_WARD": 9.599999999999998, "OR": 5.333333333333331}}, "H_2": {"1": {"ICU": 4.6000000000000005, "SDU_WARD": 7.496296296296296, "OR": 2.6}, "2": {"ICU": 10.03333333333333, "SDU_WARD": 10.155555555555559, "OR": 4.200000000000001}, "3": {"ICU": 4.5666666666666655, "SDU_WARD": 4.385185185185186, "OR": 5.400000000000001}, "4": {"ICU": 4.333333333333334, "SDU_WARD": 5.281481481481484, "OR": 1.7999999999999998}, "5": {"ICU": 15.066666666666649, "SDU_WARD": 18.666666666666654, "OR": 19.999999999999982}, "6": {"ICU": 22.066666666666663, "SDU_WARD": 9.903703703703698, "OR": 22.199999999999978}, "7": {"ICU": 22.166666666666668, "SDU_WARD": 24.51111111111111, "OR": 16.999999999999993}, "8": {"ICU": 8.53333333333333, "SDU_WARD": 11.95555555555556, "OR": 6.000000000000003}}, "H_3": {"1": {"ICU": 7.25, "SDU_WARD": 9.199999999999996, "OR": 4.333333333333332}, "2": {"ICU": 6.5625, "SDU_WARD": 5.557894736842108, "OR": 1.333333333333333}, "3": {"ICU": 5.3125, "SDU_WARD": 4.0000000000000036, "OR": 5.33333333333333}, "4": {"ICU": 4.0, "SDU_WARD": 4.736842105263159, "OR": 1.6666666666666663}, "5": {"ICU": 14.0625, "SDU_WARD": 19.5578947368421, "OR": 22.666666666666657}, "6": {"ICU": 19.0, "SDU_WARD": 7.968421052631579, "OR": 19.333333333333336}, "7": {"ICU": 24.4375, "SDU_WARD": 28.821052631578937, "OR": 14.333333333333336}, "8": {"ICU": 10.875, "SDU_WARD": 12.663157894736843, "OR": 7.3333333333333295}}}}, "Simulaci\u00f3n 2": {"Costos jornada": {"H_1": 0, "H_2": 0, "H_3": 0}, "Costos muertos": {"H_1": 0, "H_2": 0, "H_3": 0}, "Costos derivaciones": {"H_1": 0, "H_2": 0, "H_3": 0, "WL": 0}, "Costos espera WL": 0, "Costos traslados": {"H_1": 0, "H_2": 0, "H_3": 0}, "Derivaciones": {"H_1": 0, "H_2": 0, "H_3": 0, "WL": 0}, "Espera WL": 0, "Pacientes esperando": {"H_1": 0, "H_2": 0, "H_3": 0}, "Tasas ocupaci\u00f3n": {"H_1": 0, "H_2": 0, "H_3": 0}}, "Simulaci\u00f3n 3": {"Costos jornada": {"H_1": 0, "H_2": 0, "H_3": 0}, "Costos muertos": {"H_1": 0, "H_2": 0, "H_3": 0}, "Costos derivaciones": {"H_1": 0, "H_2": 0, "H_3": 0, "WL": 0}, "Costos espera WL": 0, "Costos traslados": {"H_1": 0, "H_2": 0, "H_3": 0}, "Derivaciones": {"H_1": 0, "H_2": 0, "H_3": 0, "WL": 0}, "Espera WL": 0, "Pacientes esperando": {"H_1": 0, "H_2": 0, "H_3": 0}, "Tasas ocupaci\u00f3n": {"H_1": 0, "H_2": 0, "H_3": 0}}, "Simulaci\u00f3n 4": {"Costos jornada": {"H_1": 0, "H_2": 0, "H_3": 0}, "Costos muertos": {"H_1": 0, "H_2": 0, "H_3": 0}, "Costos derivaciones": {"H_1": 0, "H_2": 0, "H_3": 0, "WL": 0}, "Costos espera WL": 0, "Costos traslados": {"H_1": 0, "H_2": 0, "H_3": 0}, "Derivaciones": {"H_1": 0, "H_2": 0, "H_3": 0, "WL": 0}, "Espera WL": 0, "Pacientes esperando": {"H_1": 0, "H_2": 0, "H_3": 0}, "Tasas ocupaci\u00f3n": {"H_1": 0, "H_2": 0, "H_3": 0}}, "Simulaci\u00f3n 5": {"Costos jornada": {"H_1": 0, "H_2": 0, "H_3": 0}, "Costos muertos": {"H_1": 0, "H_2": 0, "H_3": 0}, "Costos derivaciones": {"H_1": 0, "H_2": 0, "H_3": 0, "WL": 0}, "Costos espera WL": 0, "Costos traslados": {"H_1": 0, "H_2": 0, "H_3": 0}, "Derivaciones": {"H_1": 0, "H_2": 0, "H_3": 0, "WL": 0}, "Espera WL": 0, "Pacientes esperando": {"H_1": 0, "H_2": 0, "H_3": 0}, "Tasas ocupaci\u00f3n": {"H_1": 0, "H_2": 0, "H_3": 0}}}