{"Simulaci\u00f3n 1": {"Costos jornada": 37775.27042259033, "Costos muertos": {"H_1": 1548.3996271727942, "H_2": 414.8338598642086, "H_3": 347.00832210696615}, "Costos derivaciones": {"H_1": 0.0, "H_2": 0.0, "H_3": 0.0, "WL": 4553.964382476781}, "Costos espera WL": 30896.827574068666, "Costos traslados": {"H_1": 0.0, "H_2": 9.75957651181238, "H_3": 4.477080389115023}, "Derivaciones": {"H_1": {"1": 0.0, "2": 0.0, "3": 0.0, "4": 0.0, "5": 0.0, "6": 0.0, "7": 0.0, "8": 0.0}, "H_2": {"1": 0.0, "2": 0.0, "3": 0.0, "4": 0.0, "5": 0.0, "6": 0.0, "7": 0.0, "8": 0.0}, "H_3": {"1": 0.0, "2": 0.0, "3": 0.0, "4": 0.0, "5": 0.0, "6": 0.0, "7": 0.0, "8": 0.0}, "WL": {"1": 0.0, "2": 0.0, "3": 0.0, "4": 0.0, "5": 1.08, "6": 1.82, "7": 1.94, "8": 0.76}}, "Espera WL": 0.0, "Pacientes esperando": {"H_1": {"ICU": 4.1, "SDU_WARD": 2.33, "OR": 2.02, "GA": 6.27}, "H_2": {"ICU": 0.13, "SDU_WARD": 0.04, "OR": 0.05, "GA": 6.13}, "H_3": {"ICU": 0.18, "SDU_WARD": 0.18, "OR": 0.14, "GA": 5.63}}, "Tasas ocupaci\u00f3n": {"H_1": {"1": {"ICU": 18.419999999999998, "SDU_WARD": 25.836734693877553, "OR": 14.44444444444443}, "2": {"ICU": 22.580000000000005, "SDU_WARD": 22.869387755102032, "OR": 7.888888888888883}, "3": {"ICU": 15.039999999999996, "SDU_WARD": 11.88571428571429, "OR": 22.99999999999998}, "4": {"ICU": 11.179999999999994, "SDU_WARD": 13.200000000000001, "OR": 6.777777777777775}, "5": {"ICU": 6.019999999999996, "SDU_WARD": 6.3061224489795915, "OR": 11.888888888888875}, "6": {"ICU": 7.759999999999996, "SDU_WARD": 3.0734693877551003, "OR": 12.22222222222221}, "7": {"ICU": 8.379999999999994, "SDU_WARD": 6.604081632653061, "OR": 10.222222222222213}, "8": {"ICU": 3.340000000000002, "SDU_WARD": 3.0734693877551003, "OR": 3.000000000000001}}, "H_2": {"1": {"ICU": 1.7000000000000013, "SDU_WARD": 2.5037037037037013, "OR": 1.2}, "2": {"ICU": 7.033333333333333, "SDU_WARD": 7.799999999999998, "OR": 1.9999999999999998}, "3": {"ICU": 2.7, "SDU_WARD": 2.4518518518518495, "OR": 3.2000000000000006}, "4": {"ICU": 2.5666666666666678, "SDU_WARD": 3.3703703703703707, "OR": 0.6000000000000001}, "5": {"ICU": 19.96666666666666, "SDU_WARD": 25.177777777777788, "OR": 30.399999999999974}, "6": {"ICU": 23.766666666666673, "SDU_WARD": 10.711111111111117, "OR": 21.799999999999986}, "7": {"ICU": 24.666666666666668, "SDU_WARD": 26.748148148148157, "OR": 17.39999999999999}, "8": {"ICU": 9.099999999999994, "SDU_WARD": 13.570370370370377, "OR": 8.000000000000004}}, "H_3": {"1": {"ICU": 3.5, "SDU_WARD": 4.284210526315793, "OR": 0.6666666666666665}, "2": {"ICU": 1.0, "SDU_WARD": 1.010526315789474, "OR": 0.33333333333333326}, "3": {"ICU": 2.75, "SDU_WARD": 2.8000000000000025, "OR": 4.333333333333331}, "4": {"ICU": 2.9375, "SDU_WARD": 2.705263157894739, "OR": 1.9999999999999996}, "5": {"ICU": 19.4375, "SDU_WARD": 26.69473684210525, "OR": 27.666666666666647}, "6": {"ICU": 22.5625, "SDU_WARD": 8.831578947368415, "OR": 17.666666666666668}, "7": {"ICU": 28.1875, "SDU_WARD": 31.263157894736842, "OR": 19.000000000000004}, "8": {"ICU": 10.5, "SDU_WARD": 14.926315789473684, "OR": 8.999999999999996}}}}, "Simulaci\u00f3n 2": {"Costos jornada": {"H_1": 0, "H_2": 0, "H_3": 0}, "Costos muertos": {"H_1": 0, "H_2": 0, "H_3": 0}, "Costos derivaciones": {"H_1": 0, "H_2": 0, "H_3": 0, "WL": 0}, "Costos espera WL": 0, "Costos traslados": {"H_1": 0, "H_2": 0, "H_3": 0}, "Derivaciones": {"H_1": 0, "H_2": 0, "H_3": 0, "WL": 0}, "Espera WL": 0, "Pacientes esperando": {"H_1": 0, "H_2": 0, "H_3": 0}, "Tasas ocupaci\u00f3n": {"H_1": 0, "H_2": 0, "H_3": 0}}, "Simulaci\u00f3n 3": {"Costos jornada": {"H_1": 0, "H_2": 0, "H_3": 0}, "Costos muertos": {"H_1": 0, "H_2": 0, "H_3": 0}, "Costos derivaciones": {"H_1": 0, "H_2": 0, "H_3": 0, "WL": 0}, "Costos espera WL": 0, "Costos traslados": {"H_1": 0, "H_2": 0, "H_3": 0}, "Derivaciones": {"H_1": 0, "H_2": 0, "H_3": 0, "WL": 0}, "Espera WL": 0, "Pacientes esperando": {"H_1": 0, "H_2": 0, "H_3": 0}, "Tasas ocupaci\u00f3n": {"H_1": 0, "H_2": 0, "H_3": 0}}, "Simulaci\u00f3n 4": {"Costos jornada": {"H_1": 0, "H_2": 0, "H_3": 0}, "Costos muertos": {"H_1": 0, "H_2": 0, "H_3": 0}, "Costos derivaciones": {"H_1": 0, "H_2": 0, "H_3": 0, "WL": 0}, "Costos espera WL": 0, "Costos traslados": {"H_1": 0, "H_2": 0, "H_3": 0}, "Derivaciones": {"H_1": 0, "H_2": 0, "H_3": 0, "WL": 0}, "Espera WL": 0, "Pacientes esperando": {"H_1": 0, "H_2": 0, "H_3": 0}, "Tasas ocupaci\u00f3n": {"H_1": 0, "H_2": 0, "H_3": 0}}, "Simulaci\u00f3n 5": {"Costos jornada": {"H_1": 0, "H_2": 0, "H_3": 0}, "Costos muertos": {"H_1": 0, "H_2": 0, "H_3": 0}, "Costos derivaciones": {"H_1": 0, "H_2": 0, "H_3": 0, "WL": 0}, "Costos espera WL": 0, "Costos traslados": {"H_1": 0, "H_2": 0, "H_3": 0}, "Derivaciones": {"H_1": 0, "H_2": 0, "H_3": 0, "WL": 0}, "Espera WL": 0, "Pacientes esperando": {"H_1": 0, "H_2": 0, "H_3": 0}, "Tasas ocupaci\u00f3n": {"H_1": 0, "H_2": 0, "H_3": 0}}}