{"Simulaci\u00f3n 1": {"Costos jornada": 44835.67890914123, "Costos muertos": {"H_1": 478.66735525984063, "H_2": 89.84658592295558, "H_3": 41.26443157627892}, "Costos derivaciones": {"H_1": 0.0, "H_2": 0.0, "H_3": 0.0, "WL": 4847.419264619593}, "Costos espera WL": 39374.203938823535, "Costos traslados": {"H_1": 0.0, "H_2": 2.37219507166645, "H_3": 1.9051378673424972}, "Derivaciones": {"H_1": {"1": 0.0, "2": 0.0, "3": 0.0, "4": 0.0, "5": 0.0, "6": 0.0, "7": 0.0, "8": 0.0}, "H_2": {"1": 0.0, "2": 0.0, "3": 0.0, "4": 0.0, "5": 0.0, "6": 0.0, "7": 0.0, "8": 0.0}, "H_3": {"1": 0.0, "2": 0.0, "3": 0.0, "4": 0.0, "5": 0.0, "6": 0.0, "7": 0.0, "8": 0.0}, "WL": {"1": 0.0, "2": 0.0, "3": 0.0, "4": 0.0, "5": 0.0, "6": 2.47, "7": 2.97, "8": 0.57}}, "Espera WL": 0.0, "Pacientes esperando": {"H_1": {"ICU": 0.24, "SDU_WARD": 0.16, "OR": 0.25, "GA": 2.62}, "H_2": {"ICU": 0.08, "SDU_WARD": 0.01, "OR": 0.02, "GA": 0.83}, "H_3": {"ICU": 0.01, "SDU_WARD": 0.04, "OR": 0.03, "GA": 0.42}}, "Tasas ocupaci\u00f3n": {"H_1": {"1": {"ICU": 14.63999999999999, "SDU_WARD": 21.751020408163267, "OR": 9.111111111111102}, "2": {"ICU": 16.860000000000003, "SDU_WARD": 16.032653061224497, "OR": 5.11111111111111}, "3": {"ICU": 9.839999999999993, "SDU_WARD": 7.620408163265306, "OR": 14.77777777777777}, "4": {"ICU": 6.799999999999998, "SDU_WARD": 8.5265306122449, "OR": 4.222222222222221}, "5": {"ICU": 13.419999999999987, "SDU_WARD": 16.444897959183674, "OR": 20.88888888888886}, "6": {"ICU": 8.399999999999995, "SDU_WARD": 3.653061224489796, "OR": 6.666666666666663}, "7": {"ICU": 9.179999999999993, "SDU_WARD": 9.461224489795915, "OR": 6.444444444444439}, "8": {"ICU": 6.139999999999994, "SDU_WARD": 7.416326530612244, "OR": 3.777777777777779}}, "H_2": {"1": {"ICU": 4.566666666666665, "SDU_WARD": 6.600000000000003, "OR": 2.6}, "2": {"ICU": 17.333333333333332, "SDU_WARD": 17.82222222222223, "OR": 5.600000000000001}, "3": {"ICU": 5.766666666666664, "SDU_WARD": 5.6962962962963, "OR": 5.400000000000002}, "4": {"ICU": 4.566666666666667, "SDU_WARD": 7.118518518518521, "OR": 2.6000000000000005}, "5": {"ICU": 16.099999999999984, "SDU_WARD": 22.533333333333335, "OR": 24.79999999999999}, "6": {"ICU": 11.833333333333325, "SDU_WARD": 5.7703703703703715, "OR": 11.199999999999996}, "7": {"ICU": 12.666666666666655, "SDU_WARD": 13.98518518518519, "OR": 9.8}, "8": {"ICU": 7.999999999999999, "SDU_WARD": 11.155555555555553, "OR": 5.600000000000002}}, "H_3": {"1": {"ICU": 6.375, "SDU_WARD": 11.810526315789476, "OR": 2.666666666666666}, "2": {"ICU": 3.25, "SDU_WARD": 3.6842105263157925, "OR": 0.6666666666666665}, "3": {"ICU": 8.625, "SDU_WARD": 7.7789473684210515, "OR": 8.999999999999996}, "4": {"ICU": 4.375, "SDU_WARD": 9.37894736842105, "OR": 3.333333333333332}, "5": {"ICU": 21.4375, "SDU_WARD": 22.69473684210527, "OR": 30.333333333333325}, "6": {"ICU": 14.0, "SDU_WARD": 5.157894736842107, "OR": 7.333333333333329}, "7": {"ICU": 14.3125, "SDU_WARD": 13.505263157894733, "OR": 9.33333333333333}, "8": {"ICU": 8.3125, "SDU_WARD": 10.557894736842103, "OR": 5.9999999999999964}}}}, "Simulaci\u00f3n 2": {"Costos jornada": {"H_1": 0, "H_2": 0, "H_3": 0}, "Costos muertos": {"H_1": 0, "H_2": 0, "H_3": 0}, "Costos derivaciones": {"H_1": 0, "H_2": 0, "H_3": 0, "WL": 0}, "Costos espera WL": 0, "Costos traslados": {"H_1": 0, "H_2": 0, "H_3": 0}, "Derivaciones": {"H_1": 0, "H_2": 0, "H_3": 0, "WL": 0}, "Espera WL": 0, "Pacientes esperando": {"H_1": 0, "H_2": 0, "H_3": 0}, "Tasas ocupaci\u00f3n": {"H_1": 0, "H_2": 0, "H_3": 0}}, "Simulaci\u00f3n 3": {"Costos jornada": {"H_1": 0, "H_2": 0, "H_3": 0}, "Costos muertos": {"H_1": 0, "H_2": 0, "H_3": 0}, "Costos derivaciones": {"H_1": 0, "H_2": 0, "H_3": 0, "WL": 0}, "Costos espera WL": 0, "Costos traslados": {"H_1": 0, "H_2": 0, "H_3": 0}, "Derivaciones": {"H_1": 0, "H_2": 0, "H_3": 0, "WL": 0}, "Espera WL": 0, "Pacientes esperando": {"H_1": 0, "H_2": 0, "H_3": 0}, "Tasas ocupaci\u00f3n": {"H_1": 0, "H_2": 0, "H_3": 0}}, "Simulaci\u00f3n 4": {"Costos jornada": {"H_1": 0, "H_2": 0, "H_3": 0}, "Costos muertos": {"H_1": 0, "H_2": 0, "H_3": 0}, "Costos derivaciones": {"H_1": 0, "H_2": 0, "H_3": 0, "WL": 0}, "Costos espera WL": 0, "Costos traslados": {"H_1": 0, "H_2": 0, "H_3": 0}, "Derivaciones": {"H_1": 0, "H_2": 0, "H_3": 0, "WL": 0}, "Espera WL": 0, "Pacientes esperando": {"H_1": 0, "H_2": 0, "H_3": 0}, "Tasas ocupaci\u00f3n": {"H_1": 0, "H_2": 0, "H_3": 0}}, "Simulaci\u00f3n 5": {"Costos jornada": {"H_1": 0, "H_2": 0, "H_3": 0}, "Costos muertos": {"H_1": 0, "H_2": 0, "H_3": 0}, "Costos derivaciones": {"H_1": 0, "H_2": 0, "H_3": 0, "WL": 0}, "Costos espera WL": 0, "Costos traslados": {"H_1": 0, "H_2": 0, "H_3": 0}, "Derivaciones": {"H_1": 0, "H_2": 0, "H_3": 0, "WL": 0}, "Espera WL": 0, "Pacientes esperando": {"H_1": 0, "H_2": 0, "H_3": 0}, "Tasas ocupaci\u00f3n": {"H_1": 0, "H_2": 0, "H_3": 0}}}